{
    "co2_emission_control": {
        "ssp1_solution.txt": [
            0.03,
            0.10969173284,
            0.41211242939,
            0.65576936956,
            0.743607797369,
            0.79618554956,
            0.849387876921,
            0.902972504671,
            0.956774337152,
            1.010694138849,
            1.064228401659,
            1.117228577129,
            1.169750328859,
            1.199999930999,
            1.19999998541,
            1.199999994659,
            1.199999998247
        ],
        "ssp2_solution.txt": [
            0.03,
            0.109720243342,
            0.412173294502,
            0.655868340356,
            0.75946672762,
            0.813593392247,
            0.868200993591,
            0.923050442121,
            0.977903555079,
            1.032558628063,
            1.086761718623,
            1.140563790833,
            1.194418724202,
            1.199999975581,
            1.199999992966,
            1.199999998164,
            1.200000000505
        ],
        "ssp3_solution.txt": [
            0.03,
            0.109806244673,
            0.412277167352,
            0.656046074766,
            0.793554392708,
            0.852488786714,
            0.912217489657,
            0.972136231154,
            1.032421786107,
            1.093190987345,
            1.154721635958,
            1.199999931211,
            1.199999992853,
            1.200000000215,
            1.200000002954,
            1.200000004295,
            1.200000005025
        ],
        "ssp4_solution.txt": [
            0.03,
            0.109931392349,
            0.412600660616,
            0.656422638315,
            0.841186800325,
            0.904586669753,
            0.970123668617,
            1.037632810442,
            1.107253660962,
            1.179664764485,
            1.199999989259,
            1.200000001702,
            1.20000000496,
            1.20000000642,
            1.200000007217,
            1.200000007693,
            1.200000007984
        ],
        "ssp5_solution.txt": [
            0.03,
            0.110188815564,
            0.412718466115,
            0.656456512503,
            0.86142046756,
            0.954535404586,
            0.999999968288,
            1.091628023675,
            1.163395460509,
            1.199999982954,
            1.200000001507,
            1.200000005191,
            1.20000000671,
            1.200000007497,
            1.200000007951,
            1.200000008222,
            1.200000008378
        ],
        "reference.txt": [
            0.03,
            0.109716712278,
            0.412349411461,
            0.656039003559,
            0.710865928008,
            0.761387444181,
            0.812441652134,
            0.863948493277,
            0.915831107595,
            0.967946050074,
            1.019982185996,
            1.071772753082,
            1.123259489972,
            1.174622647747,
            1.199999932566,
            1.19999998234,
            1.199999992145
        ]
    },
    "ch4_emission_control": {
        "ssp1_solution.txt": [
            0.029859,
            0.107824,
            0.386562,
            0.592659,
            0.663174,
            0.704462,
            0.745551,
            0.786248,
            0.826427,
            0.866019,
            0.90467,
            0.9423,
            0.978979,
            0.99983,
            0.99983,
            0.99983,
            0.99983
        ],
        "ssp2_solution.txt": [
            0.029859,
            0.107852,
            0.386615,
            0.59274,
            0.6757,
            0.717982,
            0.759918,
            0.801322,
            0.842022,
            0.881883,
            0.920745,
            0.958671,
            0.995998,
            0.99983,
            0.99983,
            0.99983,
            0.99983
        ],
        "ssp3_solution.txt": [
            0.029859,
            0.107935,
            0.386707,
            0.592884,
            0.702412,
            0.747925,
            0.793201,
            0.837775,
            0.881784,
            0.925311,
            0.968545,
            0.99983,
            0.99983,
            0.99983,
            0.99983,
            0.99983,
            0.99983
        ],
        "ssp4_solution.txt": [
            0.029859,
            0.108056,
            0.386991,
            0.593191,
            0.739262,
            0.787464,
            0.836292,
            0.885549,
            0.935266,
            0.985835,
            0.99983,
            0.99983,
            0.99983,
            0.99983,
            0.99983,
            0.99983,
            0.99983
        ],
        "ssp5_solution.txt": [
            0.029859,
            0.108304,
            0.387094,
            0.593218,
            0.75475,
            0.824769,
            0.85822,
            0.924202,
            0.974573,
            0.99983,
            0.99983,
            0.99983,
            0.99983,
            0.99983,
            0.99983,
            0.99983,
            0.99983
        ]
    },
    "carbon_price": {
        "ssp1_solution.txt": [
            2.012596,
            15.618724,
            126.589319,
            259.524486,
            309.407936,
            336.518259,
            363.881584,
            391.26792,
            418.499404,
            445.446782,
            471.698612,
            497.096516,
            521.635524,
            529.800846,
            516.555862,
            503.641972,
            491.050925
        ],
        "ssp2_solution.txt": [
            2.012596,
            15.625219,
            126.619234,
            259.587158,
            320.03329,
            348.367497,
            376.862417,
            405.280487,
            433.384381,
            460.964821,
            487.779762,
            513.812648,
            539.347466,
            529.800877,
            516.555867,
            503.641974,
            491.050926
        ],
        "ssp3_solution.txt": [
            2.012596,
            15.64482,
            126.670293,
            259.699721,
            343.32377,
            375.394278,
            407.894468,
            440.309856,
            472.684185,
            505.030839,
            537.492652,
            557.318444,
            543.385528,
            529.800895,
            516.555874,
            503.641978,
            491.050929
        ],
        "ssp4_solution.txt": [
            2.012596,
            15.673359,
            126.829357,
            259.938266,
            376.885189,
            412.768039,
            450.104904,
            488.725402,
            528.682597,
            570.45055,
            571.608705,
            557.318497,
            543.385536,
            529.800899,
            516.555877,
            503.641981,
            491.050931
        ],
        "ssp5_solution.txt": [
            2.012596,
            15.732123,
            126.887302,
            259.959728,
            391.494307,
            449.834783,
            472.487542,
            530.047122,
            572.220482,
            586.265333,
            571.608714,
            557.318499,
            543.385538,
            529.8009,
            516.555878,
            503.641981,
            491.050931
        ],
        "reference.txt": [
            2.012596,
            15.624415,
            126.705809,
            259.695242,
            287.899871,
            313.29604,
            338.889312,
            364.565495,
            390.215252,
            415.686647,
            440.714141,
            465.133695,
            488.861946,
            511.988358,
            516.555826,
            503.641964,
            491.050921
        ]
    },